day,desktop,mobile,all
02/03/19,,,
02/10/19,,,
02/17/19,66.66666666666666,33.33333333333333,3.0
02/24/19,,,
03/03/19,,,
03/17/19,,,
03/24/19,,,
03/31/19,,,
04/07/19,,,
05/05/19,,,
05/19/19,,,
06/09/19,,,
06/16/19,,,
