day,desktop,mobile,all
10/21/18,62.290943515304505,37.70905648469549,3169.0
10/28/18,63.38912133891213,36.61087866108787,3346.0
11/04/18,62.649199417758375,37.350800582241625,3435.0
11/11/18,64.59122902003249,35.408770979967514,1847.0
11/18/18,78.26086956521739,21.73913043478261,23.0
11/25/18,83.33333333333334,16.666666666666664,6.0
12/02/18,66.66666666666666,33.33333333333333,3.0
12/16/18,,,
12/30/18,,,
01/20/19,,,
02/03/19,,,
02/17/19,50.0,50.0,2.0
