day,desktop,mobile,all
11/11/18,63.5489043292357,36.4510956707643,1871.0
11/18/18,70.0,30.0,30.0
11/25/18,87.5,12.5,8.0
12/02/18,71.42857142857143,28.57142857142857,7.0
12/16/18,,,
12/23/18,,,
12/30/18,,,
01/13/19,,,
01/20/19,,,
02/03/19,,,
02/10/19,,,
02/17/19,66.66666666666666,33.33333333333333,3.0
02/24/19,,,
03/03/19,,,
03/17/19,,,
03/24/19,,,
03/31/19,,,
