day,desktop,mobile,all
09/30/18,63.72053872053872,36.27946127946128,3564.0
10/07/18,58.10198300283286,41.89801699716714,3530.0
10/14/18,64.03053435114504,35.96946564885496,3275.0
10/21/18,63.7123745819398,36.2876254180602,2990.0
10/28/18,64.09076970254523,35.90923029745477,3261.0
11/04/18,61.82287188306105,38.17712811693895,3489.0
11/11/18,62.976130015236166,37.02386998476384,1969.0
11/18/18,72.0,28.000000000000004,25.0
11/25/18,,,
12/02/18,,,
12/30/18,,,
