day,desktop,mobile,all
10/14/18,62.404870624048705,37.595129375951295,3285.0
10/21/18,63.35902376364804,36.64097623635196,3114.0
10/28/18,63.51722035964645,36.48277964035355,3281.0
11/04/18,62.60115606936416,37.39884393063584,3460.0
11/11/18,63.267485317672175,36.73251468232782,1873.0
11/18/18,78.26086956521739,21.73913043478261,23.0
11/25/18,60.0,40.0,5.0
12/02/18,60.0,40.0,5.0
12/16/18,,,
12/30/18,,,
02/03/19,,,
02/17/19,50.0,50.0,4.0
