day,desktop,mobile,all
10/07/18,59.076748796374964,40.923251203625036,3531.0
10/14/18,62.83722340103062,37.16277659896938,3299.0
10/21/18,63.201594154765864,36.798405845234136,3011.0
10/28/18,63.55775169857937,36.44224830142063,3238.0
11/04/18,62.67084282460137,37.32915717539863,3512.0
11/11/18,62.579281183932345,37.420718816067655,1892.0
11/18/18,73.91304347826086,26.08695652173913,23.0
11/25/18,,,
12/02/18,66.66666666666666,33.33333333333333,6.0
12/30/18,,,
02/03/19,,,
02/17/19,50.0,50.0,4.0
