day,desktop,mobile,all
01/15/17,16.666666666666664,83.33333333333334,6.0
02/19/17,,,
03/05/17,68.01801801801803,31.98198198198198,222.0
03/12/17,72.5417439703154,27.458256029684602,539.0
03/19/17,72.31075697211156,27.689243027888445,1004.0
03/26/17,81.3234542667348,18.6765457332652,3914.0
04/02/17,82.27461253001528,17.725387469984717,4581.0
04/09/17,83.49514563106796,16.50485436893204,4738.0
