day,desktop,mobile,all
10/28/18,63.11576354679803,36.88423645320197,1624.0
11/04/18,63.30981398332264,36.69018601667736,1559.0
11/11/18,61.702127659574465,38.297872340425535,893.0
11/18/18,44.44444444444444,55.55555555555556,9.0
11/25/18,,,
12/02/18,,,
12/09/18,,,
12/30/18,,,
01/27/19,,,
02/17/19,,,
