day,desktop,mobile,all
10/14/18,61.13960113960114,38.86039886039886,1755.0
10/21/18,60.77111383108935,39.22888616891065,1634.0
10/28/18,62.59259259259259,37.407407407407405,1620.0
11/04/18,64.07068062827224,35.92931937172775,1528.0
11/11/18,61.988950276243095,38.011049723756905,905.0
11/18/18,60.0,40.0,5.0
11/25/18,,,
12/02/18,,,
