day,desktop,mobile,all
09/30/18,56.08875128998968,43.91124871001032,1938.0
10/07/18,55.50213675213676,44.49786324786324,1872.0
10/14/18,60.74285714285714,39.25714285714286,1750.0
10/21/18,59.97536945812808,40.02463054187192,1624.0
10/28/18,61.80257510729614,38.197424892703864,1631.0
11/04/18,64.08629441624365,35.91370558375635,1576.0
11/11/18,63.60582306830908,36.39417693169093,893.0
11/18/18,66.66666666666666,33.33333333333333,6.0
11/25/18,,,
02/17/19,,,
