day,desktop,mobile,all
01/15/17,16.666666666666664,83.33333333333334,6.0
02/19/17,,,
03/05/17,69.16299559471366,30.837004405286343,227.0
03/12/17,73.09833024118738,26.90166975881262,539.0
03/19/17,72.42063492063492,27.579365079365083,1008.0
03/26/17,81.13059408531798,18.86940591468202,3821.0
