day,desktop,mobile,all
10/07/18,58.61684327941996,41.38315672058003,1793.0
10/14/18,62.462819750148725,37.537180249851275,1681.0
10/21/18,61.05710814094775,38.942891859052246,1646.0
10/28/18,63.11576354679803,36.88423645320197,1624.0
11/04/18,63.30981398332264,36.69018601667736,1559.0
11/11/18,61.702127659574465,38.297872340425535,893.0
11/18/18,44.44444444444444,55.55555555555556,9.0
11/25/18,,,
12/02/18,,,
12/09/18,,,
12/16/18,,,
12/30/18,,,
01/27/19,,,
02/10/19,50.0,50.0,2.0
02/17/19,,,
