day,desktop,mobile,all
11/11/18,61.702127659574465,38.297872340425535,893.0
11/18/18,44.44444444444444,55.55555555555556,9.0
11/25/18,,,
12/02/18,,,
12/09/18,,,
12/16/18,,,
12/30/18,,,
01/27/19,,,
02/10/19,50.0,50.0,2.0
02/17/19,,,
03/17/19,,,
03/24/19,,,
03/31/19,,,
