day,desktop,mobile,all
09/23/18,56.47810218978102,43.52189781021898,2192.0
09/30/18,57.37967914438503,42.62032085561497,1870.0
10/07/18,56.4659977703456,43.534002229654405,1794.0
10/14/18,62.1331828442438,37.8668171557562,1772.0
10/21/18,60.712054965646466,39.28794503435353,1601.0
10/28/18,63.25492689129053,36.74507310870948,1573.0
11/04/18,63.85240775484677,36.14759224515322,1599.0
11/11/18,64.73799126637554,35.262008733624455,916.0
11/18/18,62.5,37.5,8.0
11/25/18,,,
