day,desktop,mobile,all
01/15/17,16.666666666666664,83.33333333333334,6.0
02/19/17,,,
03/05/17,68.58407079646017,31.41592920353982,226.0
03/12/17,72.52336448598132,27.476635514018692,535.0
03/19/17,72.12787212787212,27.872127872127873,1001.0
03/26/17,81.27217435377597,18.727825646224026,3946.0
04/02/17,82.46753246753246,17.532467532467532,4620.0
