day,desktop,mobile,all
01/15/17,16.666666666666664,83.33333333333334,6.0
02/19/17,,,
03/05/17,68.34862385321101,31.65137614678899,218.0
03/12/17,72.50922509225092,27.490774907749078,542.0
03/19/17,72.41035856573706,27.589641434262944,1004.0
03/26/17,81.49475300742257,18.505246992577426,3907.0
04/02/17,82.2004357298475,17.799564270152505,4590.0
04/09/17,83.34038054968288,16.659619450317127,4730.0
04/16/17,82.6106097292538,17.3893902707462,4543.0
