day,desktop,mobile,all
10/07/18,55.89496248660236,44.10503751339764,1866.0
10/14/18,61.43572621035058,38.56427378964942,1797.0
10/21/18,59.607120933087785,40.392879066912215,1629.0
10/28/18,63.14465408805031,36.855345911949684,1590.0
11/04/18,64.4932214331827,35.5067785668173,1549.0
11/11/18,62.32356134636265,37.67643865363735,921.0
11/18/18,66.66666666666666,33.33333333333333,6.0
11/25/18,,,
