day,desktop,mobile,all
10/21/18,60.43890865954923,39.56109134045077,1686.0
10/28/18,61.91346739792809,38.08653260207191,1641.0
11/04/18,64.04131697869593,35.95868302130407,1549.0
11/11/18,62.01117318435754,37.988826815642454,895.0
11/18/18,62.5,37.5,8.0
11/25/18,,,
12/02/18,,,
12/30/18,,,
02/17/19,,,
