day,desktop,mobile,all
01/15/17,16.666666666666664,83.33333333333334,6.0
02/19/17,,,
03/05/17,69.19642857142857,30.80357142857143,224.0
03/12/17,73.03370786516854,26.96629213483146,534.0
03/19/17,73.04347826086956,26.956521739130434,920.0
