day,desktop,mobile,all
09/30/18,74.76989713048187,25.230102869518138,1847.0
10/07/18,72.51619870410367,27.483801295896328,1852.0
10/14/18,74.31350114416476,25.68649885583524,1748.0
10/21/18,75.42051003798154,24.579489962018446,1843.0
10/28/18,75.27216174183515,24.72783825816485,1929.0
11/04/18,69.4862480539699,30.513751946030098,1927.0
11/11/18,78.59391395592866,21.406086044071355,953.0
11/25/18,,,
