day,desktop,mobile,all
10/14/18,73.86681589255736,26.13318410744264,1787.0
10/21/18,76.24190064794817,23.758099352051836,1852.0
10/28/18,75.4639175257732,24.536082474226802,1940.0
11/04/18,71.86858316221766,28.131416837782343,1948.0
11/11/18,77.36051502145924,22.63948497854077,932.0
11/25/18,,,
03/03/19,,,
