day,desktop,mobile,all
11/11/18,76.72413793103449,23.275862068965516,928.0
11/18/18,,,
11/25/18,,,
03/03/19,,,
