day,desktop,mobile,all
10/21/18,76.49273803119956,23.50726196880043,1859.0
10/28/18,75.98971722365039,24.010282776349616,1945.0
11/04/18,72.25939269171384,27.740607308286158,1943.0
11/11/18,76.63043478260869,23.369565217391305,920.0
11/25/18,,,
03/03/19,,,
