day,desktop,mobile,all
09/23/18,76.57973921765296,23.42026078234704,1994.0
09/30/18,75.34321801208127,24.656781987918727,1821.0
10/07/18,72.796106003245,27.203893996755003,1849.0
10/14/18,75.29205607476635,24.707943925233643,1712.0
10/21/18,74.87765089722676,25.122349102773246,1839.0
10/28/18,75.91815320041972,24.081846799580273,1906.0
11/04/18,69.6985446985447,30.3014553014553,1924.0
11/11/18,79.55032119914347,20.449678800856532,934.0
11/25/18,,,
