day,desktop,mobile,all
11/04/18,73.31943720687858,26.680562793121414,1919.0
11/11/18,76.72413793103449,23.275862068965516,928.0
11/18/18,,,
11/25/18,,,
03/03/19,,,
