day,desktop,mobile,all
09/23/18,75.97597597597597,24.024024024024023,1998.0
09/30/18,75.38377192982456,24.61622807017544,1824.0
10/07/18,73.49397590361446,26.506024096385545,1826.0
10/14/18,73.963133640553,26.036866359447004,1736.0
10/21/18,76.58772874058127,23.41227125941873,1858.0
10/28/18,75.51451187335093,24.485488126649077,1895.0
11/04/18,73.31943720687858,26.680562793121414,1919.0
11/11/18,76.72413793103449,23.275862068965516,928.0
11/18/18,,,
11/25/18,,,
