day,desktop,mobile,all
10/07/18,73.19757842597689,26.802421574023118,1817.0
10/14/18,74.40443213296399,25.595567867036014,1805.0
10/21/18,75.6243213897937,24.375678610206297,1842.0
10/28/18,75.10351966873706,24.89648033126294,1932.0
11/04/18,71.26496616345653,28.735033836543465,1921.0
11/11/18,77.76617954070981,22.233820459290186,958.0
11/25/18,,,
