day,desktop,mobile,all
09/30/18,56.23892236795462,43.76107763204538,28210.0
10/07/18,55.98495464267277,44.01504535732724,27118.0
10/14/18,55.65955766192733,44.34044233807267,25320.0
10/21/18,55.98022939933595,44.019770600664046,26504.0
10/28/18,56.481336873340624,43.518663126659376,25612.0
11/04/18,57.61272390364422,42.38727609635578,25904.0
11/11/18,59.924997869257645,40.07500213074235,11733.0
11/18/18,47.82608695652174,52.17391304347826,46.0
12/02/18,,,
01/20/19,,,
