day,desktop,mobile,all
10/21/18,56.330463929306006,43.66953607069399,26254.0
10/28/18,56.5473441108545,43.4526558891455,25980.0
11/04/18,57.05846248273746,42.941537517262546,26068.0
11/11/18,58.797850906648755,41.202149093351245,11912.0
11/18/18,39.130434782608695,60.86956521739131,46.0
12/02/18,85.71428571428571,14.285714285714285,7.0
01/20/19,,,
