day,desktop,mobile,all
10/14/18,55.69349145282195,44.30650854717804,25213.0
10/21/18,56.25023768777334,43.74976231222666,26295.0
10/28/18,56.485484867201976,43.514515132798024,25904.0
11/04/18,56.71395705521473,43.28604294478527,26080.0
11/11/18,58.65132413909806,41.34867586090194,11819.0
11/18/18,45.45454545454545,54.54545454545454,44.0
12/02/18,75.0,25.0,8.0
01/20/19,,,
