day,desktop,mobile,all
11/04/18,57.050064574944926,42.94993542505508,26326.0
11/11/18,58.57677902621723,41.42322097378277,12015.0
11/18/18,39.21568627450981,60.78431372549019,51.0
11/25/18,33.33333333333333,66.66666666666666,6.0
12/02/18,55.55555555555556,44.44444444444444,9.0
12/23/18,60.0,40.0,5.0
01/13/19,50.0,50.0,2.0
01/20/19,75.0,25.0,4.0
02/03/19,,,
02/10/19,50.0,50.0,4.0
03/17/19,,,
