day,desktop,mobile,all
10/28/18,56.56209250594462,43.43790749405538,26074.0
11/04/18,57.050064574944926,42.94993542505508,26326.0
11/11/18,58.57677902621723,41.42322097378277,12015.0
11/18/18,41.86046511627907,58.139534883720934,43.0
12/02/18,71.42857142857143,28.57142857142857,7.0
01/20/19,,,
02/10/19,33.33333333333333,66.66666666666666,3.0
03/17/19,,,
