day,desktop,mobile,all
10/07/18,56.33179723502304,43.66820276497696,27125.0
10/14/18,55.80742147321782,44.192578526782185,25278.0
10/21/18,56.08235738571968,43.91764261428032,26470.0
10/28/18,56.5192151399048,43.480784860095206,25839.0
11/04/18,57.38166936916068,42.61833063083932,25902.0
11/11/18,58.97370653095844,41.026293469041555,11790.0
11/18/18,46.51162790697674,53.48837209302325,43.0
12/02/18,77.77777777777779,22.22222222222222,9.0
01/20/19,,,
