day,desktop,mobile,all
09/23/18,56.19662298715692,43.80337701284308,30678.0
09/30/18,56.52128033767148,43.47871966232852,28430.0
10/07/18,56.14543586733196,43.85456413266804,27256.0
10/14/18,56.056382268640306,43.943617731359694,25469.0
10/21/18,55.87168654428534,44.128313455714654,26747.0
10/28/18,56.76392572944297,43.236074270557026,25636.0
11/04/18,57.93617427861647,42.06382572138353,26165.0
11/11/18,60.31881340039212,39.68118659960788,11731.0
11/18/18,50.0,50.0,52.0
12/02/18,,,
