day,desktop,mobile,all
10/21/18,46.276923076923076,53.72307692307692,1625.0
10/28/18,41.687041564792175,58.31295843520783,1636.0
11/04/18,45.46027742749054,54.539722572509454,1586.0
11/11/18,43.851508120649655,56.148491879350345,862.0
12/16/18,,,
