day,desktop,mobile,all
11/11/18,43.735498839907194,56.264501160092806,862.0
12/09/18,,,
12/16/18,,,
