day,desktop,mobile,all
09/30/18,41.26040428061831,58.73959571938169,1682.0
10/07/18,41.235955056179776,58.764044943820224,1780.0
10/14/18,46.206896551724135,53.79310344827586,1450.0
10/21/18,45.24831391784181,54.75168608215818,1631.0
10/28/18,39.66789667896679,60.332103321033216,1626.0
11/04/18,45.493562231759654,54.506437768240346,1631.0
11/11/18,42.20072551390569,57.79927448609432,827.0
12/16/18,,,
