day,desktop,mobile,all
10/28/18,42.68897149938042,57.31102850061958,1614.0
11/04/18,45.19774011299435,54.80225988700565,1593.0
11/11/18,43.735498839907194,56.264501160092806,862.0
12/16/18,,,
