day,desktop,mobile,all
10/14/18,44.68646864686468,55.31353135313532,1515.0
10/21/18,45.23522316043426,54.76477683956574,1658.0
10/28/18,41.66666666666667,58.333333333333336,1608.0
11/04/18,45.90680100755667,54.09319899244333,1588.0
11/11/18,44.52133794694348,55.47866205305652,867.0
12/16/18,,,
