day,desktop,mobile,all
12/10/17,62.5,37.5,8
12/17/17,57.14285714285714,42.857142857142854,7
12/24/17,18.23500731350561,81.7649926864944,2051
12/31/17,29.258098223615463,70.74190177638454,957
01/07/18,44.09044193216855,55.90955806783144,973
01/14/18,54.73251028806584,45.267489711934154,486
01/21/18,59.57446808510638,40.42553191489361,470
