day,desktop,mobile,all
10/07/18,40.75963718820862,59.24036281179138,1764.0
10/14/18,46.0910944935418,53.9089055064582,1471.0
10/21/18,44.08265497808391,55.917345021916084,1597.0
10/28/18,40.92570036540804,59.074299634591966,1642.0
11/04/18,45.448798988621995,54.551201011378005,1582.0
11/11/18,43.946731234866824,56.05326876513317,826.0
12/16/18,,,
