day,desktop,mobile,all
09/23/18,38.828259620907524,61.171740379092476,1741.0
09/30/18,41.282689912826896,58.717310087173104,1606.0
10/07/18,42.069357589539514,57.930642410460486,1759.0
10/14/18,46.97706740792217,53.02293259207783,1439.0
10/21/18,45.06699147381242,54.93300852618758,1642.0
10/28/18,38.89578163771712,61.10421836228288,1612.0
11/04/18,44.72727272727273,55.27272727272727,1650.0
11/11/18,43.46289752650176,56.53710247349824,849.0
12/16/18,,,
