day,desktop,mobile,all
09/23/18,69.79020979020979,30.20979020979021,2860.0
09/30/18,63.462976813762154,36.537023186237846,2674.0
10/07/18,64.57925636007828,35.42074363992172,2555.0
10/14/18,64.00322841000808,35.99677158999193,2478.0
10/21/18,67.56077116512994,32.43922883487008,2386.0
10/28/18,67.82246879334258,32.17753120665742,2163.0
11/04/18,63.93024245002127,36.06975754997873,2351.0
11/11/18,63.47546259050684,36.52453740949316,1243.0
11/18/18,,,
