day,desktop,mobile,all
04/09/17,81.69014084507043,18.30985915492958,355
04/16/17,81.7094017094017,18.29059829059829,1755
04/23/17,83.9493670886076,16.050632911392405,3950
04/30/17,82.96996124031007,17.030038759689923,4128
