day,desktop,mobile,all
10/21/18,66.51003844510893,33.489961554891075,2341.0
10/28/18,69.55693187232015,30.443068127679844,2099.0
11/04/18,66.97163769441903,33.02836230558097,2186.0
11/11/18,67.62152777777779,32.37847222222222,1152.0
11/18/18,,,
12/02/18,50.0,50.0,2.0
02/03/19,,,
02/17/19,,,
