day,desktop,mobile,all
10/28/18,69.2822966507177,30.7177033492823,2090.0
11/04/18,66.26559714795009,33.73440285204991,2244.0
11/11/18,67.2566371681416,32.743362831858406,1130.0
11/18/18,71.42857142857143,28.57142857142857,7.0
12/02/18,50.0,50.0,2.0
02/03/19,,,
02/17/19,,,
02/24/19,,,
03/17/19,,,
