day,desktop,mobile,all
04/09/17,82.53521126760563,17.464788732394364,355
04/16/17,82.15266337177376,17.847336628226248,1821
04/23/17,84.30562725864739,15.694372741352607,3874
04/30/17,82.95171727227476,17.048282727725237,4018
05/07/17,82.01892744479495,17.981072555205046,4121
