day,desktop,mobile,all
11/11/18,67.2566371681416,32.743362831858406,1130.0
11/18/18,58.333333333333336,41.66666666666667,12.0
12/02/18,50.0,50.0,2.0
12/09/18,66.66666666666666,33.33333333333333,3.0
12/23/18,,,
01/20/19,,,
02/03/19,,,
02/10/19,,,
02/17/19,,,
02/24/19,,,
03/17/19,,,
03/24/19,50.0,50.0,2.0
