day,desktop,mobile,all
10/07/18,65.69879984514131,34.30120015485869,2583.0
10/14/18,64.10684474123539,35.89315525876461,2396.0
10/21/18,67.1280276816609,32.8719723183391,2312.0
10/28/18,67.70334928229666,32.29665071770335,2090.0
11/04/18,65.91611479028697,34.083885209713024,2265.0
11/11/18,65.10238907849829,34.8976109215017,1172.0
11/18/18,,,
12/02/18,50.0,50.0,4.0
02/03/19,,,
02/24/19,,,
