day,desktop,mobile,all
10/14/18,63.99669694467383,36.00330305532617,2422.0
10/21/18,65.94571670907548,34.054283290924516,2358.0
10/28/18,69.17579799904716,30.824202000952834,2099.0
11/04/18,65.62922868741543,34.37077131258457,2217.0
11/11/18,65.29562982005142,34.70437017994858,1167.0
11/18/18,,,
12/02/18,50.0,50.0,4.0
02/03/19,,,
02/17/19,,,
