day,desktop,mobile,all
09/30/18,63.86586284853052,36.13413715146948,2654.0
10/07/18,65.28925619834712,34.710743801652896,2541.0
10/14/18,64.32676518883416,35.67323481116584,2436.0
10/21/18,66.89507494646682,33.104925053533194,2335.0
10/28/18,66.94677871148458,33.0532212885154,2142.0
11/04/18,64.45783132530121,35.54216867469879,2324.0
11/11/18,64.56896551724138,35.43103448275862,1160.0
11/18/18,,,
