day,desktop,mobile,all
10/14/18,68.09510894132538,31.90489105867462,22122.0
10/21/18,76.37876863426699,23.621231365733003,29918.0
10/28/18,80.79645263068133,19.203547369318667,35181.0
11/04/18,79.5998651230752,20.400134876924806,35588.0
11/11/18,82.10537147561226,17.894628524387734,19436.0
11/18/18,92.94117647058823,7.0588235294117645,85.0
11/25/18,,,
12/02/18,60.0,40.0,5.0
12/16/18,,,
02/03/19,,,
02/17/19,,,
03/03/19,40.0,60.0,5.0
