day,desktop,mobile,all
10/07/18,70.04541598043619,29.954584019563807,20037.0
10/14/18,67.77489022313827,32.22510977686173,22318.0
10/21/18,76.26090128328414,23.739098716715855,30157.0
10/28/18,80.85106382978722,19.148936170212767,35062.0
11/04/18,79.65264049703474,20.347359502965265,35410.0
11/11/18,81.93733360638952,18.062666393610485,19532.0
11/18/18,91.39784946236558,8.60215053763441,93.0
11/25/18,,,
12/02/18,66.66666666666666,33.33333333333333,6.0
02/03/19,,,
02/17/19,,,
