day,desktop,mobile,all
10/28/18,81.27552177858439,18.72447822141561,35264.0
11/04/18,79.87440778223205,20.125592217767934,35671.0
11/11/18,82.34100821584339,17.65899178415661,19718.0
11/18/18,79.51807228915662,20.481927710843372,83.0
11/25/18,,,
12/02/18,81.81818181818183,18.181818181818183,11.0
12/09/18,50.0,50.0,2.0
12/16/18,,,
01/27/19,,,
02/03/19,,,
02/17/19,50.0,50.0,2.0
03/03/19,16.666666666666664,83.33333333333334,6.0
