day,desktop,mobile,all
10/28/18,81.27552177858439,18.72447822141561,35264.0
11/04/18,79.87440778223205,20.125592217767934,35671.0
11/11/18,82.34100821584339,17.65899178415661,19718.0
11/18/18,87.5,12.5,72.0
11/25/18,,,
12/02/18,83.33333333333334,16.666666666666664,6.0
12/16/18,,,
01/27/19,,,
02/03/19,,,
02/17/19,,,
03/03/19,25.0,75.0,4.0
