day,desktop,mobile,all
01/27/19,,,
02/03/19,,,
02/17/19,50.0,50.0,2.0
03/03/19,16.666666666666664,83.33333333333334,6.0
03/24/19,,,
04/21/19,50.0,50.0,2.0
04/28/19,,,
