day,desktop,mobile,all
10/21/18,76.30813467518138,23.691865324818618,29909.0
10/28/18,80.87213096150026,19.127869038499732,35247.0
11/04/18,79.9059101921235,20.0940898078765,35498.0
11/11/18,82.10354667753771,17.896453322462293,19624.0
11/18/18,91.30434782608695,8.695652173913043,69.0
11/25/18,,,
12/02/18,83.33333333333334,16.666666666666664,6.0
12/16/18,,,
01/27/19,,,
02/03/19,,,
02/17/19,,,
03/03/19,33.33333333333333,66.66666666666666,3.0
