day,desktop,mobile,all
10/28/18,57.63562410860493,42.36437589139507,18931.0
11/04/18,55.53646728096206,44.46353271903795,19209.0
11/11/18,59.38399232654801,40.61600767345199,9383.0
11/18/18,68.57142857142857,31.428571428571427,35.0
11/25/18,50.0,50.0,6.0
12/02/18,71.42857142857143,28.57142857142857,7.0
12/09/18,66.66666666666666,33.33333333333333,3.0
12/16/18,20.0,80.0,5.0
12/23/18,66.66666666666666,33.33333333333333,3.0
01/13/19,,,
01/27/19,25.0,75.0,4.0
02/10/19,,,
02/17/19,,,
02/24/19,,,
