day,desktop,mobile,all
10/14/18,51.77867717541804,48.22132282458196,18778.0
10/21/18,56.22945014922354,43.77054985077647,19769.0
10/28/18,57.446031911565335,42.553968088434665,19178.0
11/04/18,55.30989678839,44.690103211609994,19087.0
11/11/18,59.30592632140951,40.6940736785905,9365.0
11/18/18,72.5,27.500000000000004,40.0
12/02/18,42.857142857142854,57.14285714285714,7.0
12/09/18,50.0,50.0,4.0
12/16/18,25.0,75.0,8.0
12/23/18,60.0,40.0,5.0
02/17/19,,,
02/24/19,,,
