day,desktop,mobile,all
12/23/18,75.0,25.0,4.0
12/30/18,,,
01/13/19,,,
01/27/19,50.0,50.0,6.0
02/03/19,50.0,50.0,2.0
02/10/19,80.0,20.0,5.0
02/17/19,66.66666666666666,33.33333333333333,3.0
02/24/19,,,
03/24/19,50.0,50.0,2.0
03/31/19,66.66666666666666,33.33333333333333,3.0
04/07/19,60.0,40.0,5.0
04/14/19,50.0,50.0,2.0
04/28/19,,,
05/05/19,,,
05/12/19,50.0,50.0,2.0
