day,desktop,mobile,all
10/28/18,52.97092288242731,47.02907711757269,2373.0
11/04/18,54.74481658692185,45.25518341307815,2508.0
11/11/18,54.52453987730061,45.47546012269939,1304.0
11/18/18,46.666666666666664,53.333333333333336,15.0
11/25/18,27.27272727272727,72.72727272727273,11.0
12/02/18,66.66666666666666,33.33333333333333,6.0
12/09/18,66.66666666666666,33.33333333333333,3.0
12/16/18,,,
