day,desktop,mobile,all
11/11/18,54.52453987730061,45.47546012269939,1304.0
11/18/18,31.03448275862069,68.96551724137932,29.0
11/25/18,26.666666666666668,73.33333333333333,15.0
12/02/18,66.66666666666666,33.33333333333333,9.0
12/09/18,75.0,25.0,4.0
12/16/18,,,
12/23/18,66.66666666666666,33.33333333333333,3.0
01/13/19,,,
01/20/19,,,
02/10/19,50.0,50.0,2.0
02/24/19,,,
03/10/19,,,
03/31/19,,,
