day,desktop,mobile,all
10/07/18,53.80689068481497,46.193109315185026,2351
10/14/18,52.93605915615485,47.063940843845145,2299
10/21/18,55.79491598448945,44.20508401551055,2321
10/28/18,53.64715860899067,46.35284139100933,2358
11/04/18,54.8053024026512,45.1946975973488,2414
11/11/18,56.93261037955074,43.06738962044926,1291
11/18/18,50.0,50.0,12
11/25/18,40.0,60.0,15
12/02/18,60.0,40.0,10
12/09/18,50.0,50.0,4
