day,desktop,mobile,all
10/14/18,53.19338990620813,46.806610093791875,2239
10/21/18,56.20886353663887,43.79113646336113,2279
10/28/18,53.833192923336135,46.16680707666386,2374
11/04/18,54.39766569403919,45.60233430596082,2399
11/11/18,56.49402390438247,43.505976095617534,1255
11/18/18,50.0,50.0,10
11/25/18,38.46153846153847,61.53846153846154,13
12/02/18,62.5,37.5,8
12/09/18,50.0,50.0,4
