day,desktop,mobile,all
10/21/18,56.131031429836206,43.868968570163794,2259
10/28/18,53.18162663295407,46.818373367045936,2373
11/04/18,54.44854448544485,45.551455514555144,2439
11/11/18,56.28980891719745,43.710191082802545,1256
11/18/18,54.54545454545454,45.45454545454545,11
11/25/18,40.0,60.0,10
12/02/18,71.42857142857143,28.57142857142857,7
12/09/18,50.0,50.0,2
