day,desktop,mobile,all
11/25/18,26.666666666666668,73.33333333333333,15.0
12/02/18,66.66666666666666,33.33333333333333,9.0
12/09/18,75.0,25.0,4.0
12/16/18,,,
12/23/18,66.66666666666666,33.33333333333333,3.0
01/13/19,,,
01/20/19,,,
02/10/19,50.0,50.0,2.0
02/24/19,,,
03/10/19,,,
03/31/19,,,
04/07/19,,,
04/14/19,86.20689655172413,13.793103448275861,29.0
