day,desktop,mobile,all
12/23/18,66.66666666666666,33.33333333333333,3.0
01/13/19,,,
01/20/19,,,
02/10/19,50.0,50.0,2.0
02/24/19,,,
03/10/19,,,
03/31/19,,,
04/07/19,,,
04/14/19,86.20689655172413,13.793103448275861,29.0
04/21/19,91.30434782608695,8.695652173913043,23.0
04/28/19,33.33333333333333,66.66666666666666,3.0
