day,desktop,mobile,all
09/16/18,50.682852807283766,49.317147192716234,659
09/23/18,57.9136690647482,42.086330935251794,556
09/30/18,42.170818505338076,57.82918149466192,562
10/07/18,46.781789638932494,53.218210361067506,637
10/14/18,61.96660482374769,38.03339517625232,539
10/21/18,57.92452830188679,42.07547169811321,530
10/28/18,59.13555992141454,40.86444007858546,509
11/04/18,61.83844011142061,38.16155988857939,359
11/11/18,57.692307692307686,42.30769230769231,234
