day,desktop,mobile,all
10/21/18,56.48854961832062,43.51145038167939,524
10/28/18,56.84647302904564,43.15352697095436,482
11/04/18,62.14833759590793,37.851662404092075,391
11/11/18,60.851063829787236,39.148936170212764,235
