day,desktop,mobile,all
09/30/18,38.73121869782972,61.26878130217028,599
10/07/18,42.95190713101161,57.048092868988384,603
10/14/18,61.578947368421055,38.421052631578945,570
10/21/18,55.12572533849129,44.87427466150871,517
10/28/18,58.6073500967118,41.3926499032882,517
11/04/18,58.58585858585859,41.41414141414141,396
11/11/18,54.78260869565217,45.21739130434783,230
