day,desktop,mobile,all
05/14/17,,,
06/04/17,,,
06/11/17,,,
06/18/17,,,
06/25/17,67.5,32.5,120.0
07/02/17,61.0,39.0,100.0
07/09/17,72.41379310344827,27.586206896551722,58.0
07/16/17,62.5,37.5,104.0
07/23/17,62.601626016260155,37.39837398373984,123.0
07/30/17,86.51685393258427,13.48314606741573,89.0
08/06/17,65.85365853658537,34.146341463414636,123.0
08/13/17,50.326797385620914,49.673202614379086,153.0
08/20/17,75.0,25.0,108.0
08/27/17,51.26582278481012,48.734177215189874,158.0
