day,desktop,mobile,all
10/14/18,59.23217550274224,40.76782449725777,547
10/21/18,52.36294896030246,47.63705103969754,529
10/28/18,58.40163934426229,41.59836065573771,488
11/04/18,62.97229219143576,37.02770780856423,397
11/11/18,60.47430830039525,39.52569169960474,253
