day,desktop,mobile,all
10/07/18,41.86046511627907,58.139534883720934,602
10/14/18,58.992805755395686,41.007194244604314,556
10/21/18,54.42307692307692,45.57692307692307,520
10/28/18,57.925636007827784,42.07436399217221,511
11/04/18,59.03307888040712,40.966921119592875,393
11/11/18,58.91472868217055,41.08527131782946,258
