day,desktop,mobile,all
09/30/18,42.465753424657535,57.534246575342465,584
10/07/18,45.30477759472817,54.69522240527183,607
10/14/18,59.06542056074766,40.93457943925234,535
10/21/18,56.48854961832062,43.51145038167939,524
10/28/18,56.84647302904564,43.15352697095436,482
11/04/18,62.14833759590793,37.851662404092075,391
11/11/18,60.851063829787236,39.148936170212764,235
