day,desktop,mobile,all
07/02/17,63.541666666666664,36.45833333333333,96
07/09/17,72.41379310344827,27.586206896551722,58
07/16/17,62.5,37.5,104
07/23/17,62.601626016260155,37.39837398373984,123
07/30/17,86.51685393258427,13.48314606741573,89
08/06/17,65.85365853658537,34.146341463414636,123
08/13/17,50.326797385620914,49.673202614379086,153
08/20/17,75.0,25.0,108
08/27/17,51.26582278481012,48.734177215189874,158
