day,desktop,mobile,all
07/02/17,64.51612903225806,35.483870967741936,93
07/09/17,75.0,25.0,60
07/16/17,63.0,37.0,100
07/23/17,60.16260162601627,39.83739837398374,123
07/30/17,87.05882352941177,12.941176470588237,85
08/06/17,65.54621848739495,34.45378151260504,119
08/13/17,48.75,51.24999999999999,160
