day,desktop,mobile,all
09/23/18,57.81544256120527,42.18455743879473,531
09/30/18,41.37323943661972,58.62676056338029,568
10/07/18,46.25407166123778,53.74592833876222,614
10/14/18,59.78260869565217,40.21739130434783,552
10/21/18,57.38963531669866,42.61036468330134,521
10/28/18,59.683794466403164,40.316205533596836,506
11/04/18,59.895833333333336,40.10416666666667,384
11/11/18,60.546875,39.453125,256
