day,desktop,mobile,all
10/21/18,53.84615384615385,46.15384615384615,520
10/28/18,57.45967741935484,42.54032258064516,496
11/04/18,62.907268170426065,37.092731829573935,399
11/11/18,61.66666666666667,38.333333333333336,240
