day,desktop,mobile,all
07/02/17,63.541666666666664,36.45833333333333,96
07/09/17,73.68421052631578,26.31578947368421,57
07/16/17,62.745098039215684,37.254901960784316,102
07/23/17,60.8,39.2,125
07/30/17,86.36363636363636,13.636363636363635,88
08/06/17,65.57377049180327,34.42622950819672,122
08/13/17,47.79874213836478,52.20125786163522,159
08/20/17,75.47169811320755,24.528301886792452,106
