day,desktop,mobile,all
11/04/18,62.14833759590793,37.851662404092075,391
11/11/18,60.851063829787236,39.148936170212764,235
