day,desktop,mobile,all
07/02/17,62.62626262626263,37.37373737373738,99
07/09/17,74.57627118644068,25.423728813559322,59
07/16/17,62.62626262626263,37.37373737373738,99
07/23/17,60.83333333333333,39.166666666666664,120
07/30/17,86.90476190476191,13.095238095238097,84
08/06/17,65.2542372881356,34.74576271186441,118
