day,desktop,mobile,all
11/11/18,60.851063829787236,39.148936170212764,235
