day,desktop,mobile,all
09/23/18,43.931425449081345,56.06857455091865,14641
09/30/18,41.129419292913134,58.87058070708686,12502
10/07/18,40.262135922330096,59.7378640776699,10300
10/14/18,41.375638841567294,58.62436115843271,9392
10/21/18,42.45128205128205,57.54871794871795,9750
10/28/18,44.92857142857143,55.07142857142857,1400
11/04/18,44.78458049886621,55.21541950113379,882
11/11/18,42.74809160305343,57.25190839694656,393
12/02/18,18.75,81.25,16
