day,desktop,mobile,all
10/07/18,40.76127819548872,59.23872180451127,10640
10/14/18,41.36606189967983,58.63393810032017,9370
10/21/18,42.0823636547607,57.9176363452393,9883
10/28/18,45.990063875088715,54.009936124911285,1409
11/04/18,44.636678200692046,55.36332179930796,867
11/11/18,42.92929292929293,57.07070707070707,396
11/18/18,11.76470588235294,88.23529411764706,17
12/02/18,15.384615384615385,84.61538461538461,13
