day,desktop,mobile,all
11/11/18,44.339622641509436,55.660377358490564,424
11/18/18,20.0,80.0,10
12/02/18,10.0,90.0,10
