day,desktop,mobile,all
10/21/18,42.347817279449,57.652182720551,9873
10/28/18,47.864506627393226,52.13549337260678,1358
11/04/18,46.48526077097506,53.51473922902494,882
11/11/18,42.82238442822384,57.17761557177615,411
11/18/18,10.0,90.0,10
12/02/18,10.0,90.0,10
