day,desktop,mobile,all
10/14/18,41.64363172443121,58.356368275568784,9406
10/21/18,42.53325272067715,57.46674727932285,9924
10/28/18,47.50181028240406,52.49818971759594,1381
11/04/18,46.559633027522935,53.44036697247706,872
11/11/18,43.14214463840399,56.85785536159601,401
11/18/18,14.285714285714285,85.71428571428571,14
12/02/18,15.384615384615385,84.61538461538461,13
