day,desktop,mobile,all
10/28/18,48.60813704496788,51.39186295503212,1401
11/04/18,46.80616740088105,53.19383259911894,908
11/11/18,44.339622641509436,55.660377358490564,424
11/18/18,11.11111111111111,88.88888888888889,9
12/02/18,10.0,90.0,10
