day,desktop,mobile,all
09/30/18,40.64552298574403,59.35447701425597,12486
10/07/18,40.384064201777015,59.615935798222985,10467
10/14/18,41.428115355964664,58.571884644035336,9397
10/21/18,42.38897396630934,57.61102603369066,9795
10/28/18,45.17265680056378,54.82734319943622,1419
11/04/18,44.568868980963046,55.43113101903695,893
11/11/18,41.56479217603912,58.43520782396088,409
12/02/18,13.333333333333334,86.66666666666667,15
