day,desktop,mobile,all
09/30/18,77.68268597761686,22.317314022383147,3038.0
10/07/18,75.8909853249476,24.10901467505241,2862.0
10/14/18,72.92126563649742,27.078734363502576,2718.0
10/21/18,72.48104008667389,27.518959913326114,3692.0
10/28/18,74.15353670801207,25.84646329198793,2983.0
11/04/18,75.7593984962406,24.2406015037594,3325.0
11/11/18,74.84407484407485,25.155925155925157,1443.0
12/02/18,,,
