day,desktop,mobile,all
11/11/18,75.93103448275862,24.068965517241377,1450.0
11/18/18,,,
12/02/18,,,
01/13/19,,,
