day,desktop,mobile,all
10/21/18,71.7557251908397,28.24427480916031,3668.0
10/28/18,72.89719626168224,27.102803738317753,3103.0
11/04/18,74.7560975609756,25.24390243902439,3280.0
11/11/18,75.75332866152769,24.24667133847232,1427.0
12/02/18,,,
