day,desktop,mobile,all
10/07/18,75.46442341395023,24.535576586049775,2853.0
10/14/18,73.4567901234568,26.543209876543212,2754.0
10/21/18,72.175333514838,27.82466648516199,3673.0
10/28/18,73.80794701986756,26.192052980132452,3020.0
11/04/18,75.36873156342183,24.63126843657817,3390.0
11/11/18,76.69376693766937,23.306233062330623,1476.0
12/02/18,,,
