day,desktop,mobile,all
10/28/18,72.6000650829808,27.3999349170192,3073.0
11/04/18,74.55153542110064,25.44846457889936,3289.0
11/11/18,75.93103448275862,24.068965517241377,1450.0
11/18/18,,,
12/02/18,,,
01/13/19,,,
