day,desktop,mobile,all
10/07/18,74.50444292549557,25.495557074504443,2926.0
10/14/18,75.42836310608823,24.571636893911773,2743.0
10/21/18,71.75297701467738,28.247022985322623,3611.0
10/28/18,72.6000650829808,27.3999349170192,3073.0
11/04/18,74.55153542110064,25.44846457889936,3289.0
11/11/18,75.93103448275862,24.068965517241377,1450.0
11/18/18,,,
12/02/18,,,
01/13/19,,,
