day,desktop,mobile,all
09/23/18,76.94204685573366,23.05795314426634,3244.0
09/30/18,77.2172766238048,22.782723376195186,3033.0
10/07/18,76.49737302977233,23.502626970227674,2855.0
10/14/18,72.62801204819277,27.37198795180723,2656.0
10/21/18,72.80941949616648,27.190580503833516,3652.0
10/28/18,74.38374417055297,25.616255829447038,3002.0
11/04/18,75.92093441150045,24.079065588499553,3339.0
11/11/18,75.18345563709138,24.816544362908605,1499.0
12/02/18,,,
