day,desktop,mobile,all
10/14/18,73.84726224783861,26.152737752161382,2776.0
10/21/18,72.33351380617216,27.666486193827826,3694.0
10/28/18,74.03369672943508,25.966303270564918,3027.0
11/04/18,75.40687160940325,24.593128390596743,3318.0
11/11/18,77.18684394681596,22.813156053184045,1429.0
12/02/18,,,
