day,desktop,mobile,all
09/30/18,42.37623762376238,57.62376237623762,3535
10/07/18,40.86804544130498,59.13195455869502,3433
10/14/18,45.99771297884506,54.00228702115495,3498
10/21/18,48.4809721778062,51.5190278221938,3127
10/28/18,46.22208626491282,53.77791373508718,3269
11/04/18,48.516746411483254,51.48325358851674,2090
11/11/18,49.52681388012618,50.473186119873816,634
