day,desktop,mobile,all
11/11/18,48.35329341317365,51.646706586826355,668
