day,desktop,mobile,all
10/21/18,47.701492537313435,52.29850746268657,3350
10/28/18,45.48474781032921,54.51525218967079,3311
11/04/18,47.11971197119712,52.88028802880288,2222
11/11/18,48.0,52.0,675
