day,desktop,mobile,all
09/23/18,39.90147783251231,60.09852216748769,4060
09/30/18,43.149341552255535,56.850658447744465,3569
10/07/18,39.8905529953917,60.1094470046083,3472
10/14/18,46.68031588183679,53.3196841181632,3419
10/21/18,48.993506493506494,51.00649350649351,3080
10/28/18,45.33960599823582,54.66039400176419,3401
11/04/18,49.83099951714148,50.16900048285853,2071
11/11/18,50.63291139240506,49.36708860759494,632
