day,desktop,mobile,all
10/28/18,45.62575941676793,54.37424058323208,3292
11/04/18,46.33170297910183,53.66829702089818,2249
11/11/18,48.35329341317365,51.646706586826355,668
