day,desktop,mobile,all
10/07/18,40.029325513196476,59.970674486803524,3410
10/14/18,46.28588339745487,53.71411660254514,3379
10/21/18,47.75764775764776,52.24235224235224,3367
10/28/18,45.62575941676793,54.37424058323208,3292
11/04/18,46.33170297910183,53.66829702089818,2249
11/11/18,48.35329341317365,51.646706586826355,668
