day,desktop,mobile,all
11/04/18,46.33170297910183,53.66829702089818,2249
11/11/18,48.35329341317365,51.646706586826355,668
