day,desktop,mobile,all
10/07/18,39.83461648132307,60.16538351867693,3507
10/14/18,45.24964336661911,54.75035663338088,3505
10/21/18,47.541487400122925,52.458512599877075,3254
10/28/18,45.1123254401943,54.88767455980571,3294
11/04/18,47.41740344346208,52.58259655653792,2149
11/11/18,48.07987711213518,51.92012288786483,651
