day,desktop,mobile,all
10/14/18,45.25058275058275,54.749417249417256,3432
10/21/18,48.16849816849817,51.83150183150184,3276
10/28/18,43.87941534713764,56.12058465286236,3284
11/04/18,46.62068965517241,53.37931034482759,2175
11/11/18,47.286821705426355,52.71317829457365,645
