day,desktop,mobile,all
09/16/18,38.01391524351676,61.98608475648324,3162
09/23/18,39.56071076011846,60.439289239881546,4052
09/30/18,43.80257992148065,56.19742007851934,3566
10/07/18,40.005768676088834,59.994231323911166,3467
10/14/18,48.00832342449465,51.99167657550535,3364
10/21/18,48.61788617886179,51.38211382113821,3075
10/28/18,45.69067296340024,54.30932703659976,3388
11/04/18,48.7781036168133,51.2218963831867,2046
11/11/18,52.87539936102237,47.12460063897764,626
