day,desktop,mobile,all
10/14/18,66.67599641737573,33.32400358262427,17864.0
10/21/18,66.94301087075876,33.056989129241245,18214.0
10/28/18,67.81858623121575,32.181413768784246,18433.0
11/04/18,63.4709231394876,36.529076860512404,19672.0
11/11/18,68.5620445448014,31.4379554551986,9743.0
11/18/18,30.0,70.0,20.0
11/25/18,28.57142857142857,71.42857142857143,7.0
12/02/18,,,
02/03/19,,,
