day,desktop,mobile,all
09/30/18,66.73618352450468,33.263816475495304,21098.0
10/07/18,66.55968526762605,33.44031473237395,19318.0
10/14/18,66.30532971996386,33.694670280036135,17712.0
10/21/18,66.86896551724138,33.13103448275862,18125.0
10/28/18,68.23848238482385,31.76151761517615,18450.0
11/04/18,63.27292918075816,36.72707081924184,19811.0
11/11/18,68.07854425825023,31.92145574174977,9727.0
11/18/18,69.23076923076923,30.76923076923077,13.0
11/25/18,50.0,50.0,4.0
12/02/18,,,
02/03/19,,,
