day,desktop,mobile,all
10/28/18,67.55160643658232,32.448393563417675,18457.0
11/04/18,63.68074077801822,36.31925922198178,19871.0
11/11/18,68.46515430206416,31.534845697935825,9786.0
11/18/18,25.0,75.0,32.0
11/25/18,25.0,75.0,4.0
12/02/18,,,
02/03/19,,,
02/10/19,,,
03/03/19,,,
03/10/19,,,
