day,desktop,mobile,all
11/18/18,28.57142857142857,71.42857142857143,35.0
11/25/18,9.090909090909092,90.9090909090909,11.0
12/02/18,66.66666666666666,33.33333333333333,3.0
12/09/18,50.0,50.0,2.0
01/20/19,,,
02/03/19,,,
02/10/19,,,
03/03/19,,,
03/10/19,50.0,50.0,2.0
