day,desktop,mobile,all
10/07/18,66.39361154044308,33.60638845955693,19410.0
10/14/18,66.58774451772929,33.4122554822707,17739.0
10/21/18,66.72719269285793,33.272807307142074,18174.0
10/28/18,67.94795659450413,32.05204340549587,18523.0
11/04/18,63.47405053714632,36.52594946285369,19827.0
11/11/18,68.65979381443299,31.34020618556701,9700.0
11/18/18,53.84615384615385,46.15384615384615,13.0
11/25/18,33.33333333333333,66.66666666666666,6.0
12/02/18,,,
02/03/19,,,
