day,desktop,mobile,all
10/21/18,66.73761187513644,33.26238812486357,18324.0
10/28/18,67.63209181463837,32.36790818536163,18472.0
11/04/18,63.48918141927674,36.51081858072326,19827.0
11/11/18,68.74302526123567,31.25697473876433,9857.0
11/18/18,25.0,75.0,28.0
11/25/18,20.0,80.0,5.0
12/02/18,,,
02/03/19,,,
03/03/19,,,
